forest,tree
dollar,coins
gallon,ounce
chapter,page
book,pages
pie,slices
country,city
air,puff
chain,link
blood,droplets
book,chapter
cake,slice
symphony,movements
earthworm,segment
soup,spoonful
book,page
pound,ounce
movie,scene
poem,verses
train,car
quarter,pennies
week,day
thread,snip
state,county
school,student
body,cell
hour,seconds
hive,bee
song,notes
cloth,fibers
pizza,slice
feet,inches
foot,inch
book,chapters
instant,nanosecond
quilt,squares
page,paragraph
gallon,quart
water,drop
mile,yard
time,moment
